Matrix Size,Parallel Time
8,0.000208
16,0.000139
32,0.000165
64,0.000489
128,0.003239
256,0.022518
512,0.167723
1024,2.096520
2048,22.727558
4096,246.275969
