Matrix Size,Speedup
8,0.013542
16,0.192771
32,1.273743
64,3.583431
128,4.564614
256,7.116525
512,4.865538
1024,4.614865
2048,4.069192
