Matrix Size,Best Chunk Static,Speedup Static,Best Chunk Dynamic,Speedup Dynamic,Best Chunk Guided,Speedup Guided,Best Schedule
8,100,0.019490,10,0.017426,100,0.019490,Static
16,100,0.165680,100,0.145349,50,0.166065,Guided
32,100,1.281192,100,1.188256,50,1.255046,Static
64,100,2.864148,20,2.811155,20,2.842692,Static
128,50,4.669993,20,5.537265,100,5.468564,Dynamic
256,20,5.956657,10,6.034568,20,5.934084,Dynamic
512,100,6.313823,100,6.128361,20,6.326118,Guided
1024,100,4.481048,50,4.548648,100,4.441016,Dynamic
