Matrix Size,Parallel Time,p
100,0.001455,4
250,0.023473,4
400,0.097861,4
550,0.301946,4
700,0.525511,4
850,0.938134,4
1000,1.528601,4
1150,2.327000,4
1300,3.362487,4
1450,4.672137,4
1600,6.290354,4
1750,8.240396,4
1900,10.597695,4
2050,13.533082,4
2200,16.835090,4
2350,20.901503,4
2500,25.305041,4
2650,30.506183,4
2800,34.706657,4
