Matrix Size,Parallel Time,p
100,0.006471,2
250,0.095457,2
400,0.388569,2
550,1.016708,2
700,2.090660,2
850,3.752295,2
1000,6.116769,2
1150,9.335935,2
1300,13.537216,2
1450,18.765273,2
1600,25.258235,2
1750,34.990480,2
1900,46.022775,2
2050,58.582790,2
2200,70.090242,2
2350,85.898994,2
2500,102.850194,2
2650,124.406422,2
2800,142.070130,2
