Matrix Size,Parallel Time,p
100,0.001465,8
250,0.023596,8
400,0.099836,8
550,0.253790,8
700,0.525188,8
850,0.941076,8
1000,1.533120,8
1150,2.385435,8
1300,3.367990,8
1450,4.662332,8
1600,6.282582,8
1750,8.233952,8
1900,10.515040,8
2050,13.292317,8
2200,16.474596,8
2350,20.166518,8
2500,24.615526,8
